Lincoln, Douglas, Breckinridge, Bell
Lincoln, Breckinridge, Douglas, Bell
Breckinridge, Bell, Douglas, Lincoln
Douglas, Bell, Breckinridge, Lincoln
Lincoln, Douglas, Breckinridge, Bell
Lincoln, Douglas, Breckinridge, Bell
Bell, Breckinridge, Douglas, Lincoln
Lincoln, Douglas, Breckinridge, Bell
Lincoln, Douglas, Breckinridge, Bell
Breckinridge, Bell, Douglas, Lincoln
Breckinridge, Bell, Douglas, Lincoln
Lincoln, Douglas, Breckinridge, Bell
Lincoln, Douglas, Breckinridge, Bell
Bell, Breckinridge, Douglas, Lincoln
Breckinridge, Bell, Douglas, Lincoln
Breckinridge, Bell, Douglas, Lincoln
Breckinridge, Bell, Douglas, Lincoln
Lincoln, Douglas, Breckinridge, Bell
Breckinridge, Bell, Douglas, Lincoln
Lincoln, Douglas, Breckinridge, Bell
Breckinridge, Bell, Douglas, Lincoln